üá∫üá¶Ukraine,üá∫üá∏English
–∞—Ä—Ç–∏–∫–ª—å,article
–±—É—Ç–∏,be
—ñ,and
–∑/–≤—ñ–¥/–ø—Ä–æ,with/from/about
–∞—Ä—Ç–∏–∫–ª—å,article
–≤,V
—á–∞—Å—Ç–∏—Ü—è –ø–µ—Ä–µ–¥ –¥—ñ—î—Å–ª–æ–≤–æ–º,particle before the verb
–º–∞—Ç–∏,have
—â–æ–±,that
—Ü–µ,it
—è,I
—â–æ,What
–¥–ª—è,for
—Ç–∏/–≤–∏,you/you
–≤—ñ–Ω,he
–∑,with
–Ω–∞,on
—Ä–æ–±–∏—Ç–∏,do
—Å–∫–∞–∑–∞—Ç–∏,say
—Ü–µ–π,this
–≤–æ–Ω–∏,they
–Ω–∞/–≤,on/in
–∞–ª–µ,but
–º–∏,we
–π–æ–≥–æ,its
—ñ–∑/–∑,with/from
—è–∫–∏–π,which
–Ω—ñ,no
–Ω—ñ (—Å–∫–æ—Ä.),no (short.)
–∑,with
–≤–æ–Ω–∞,she
—á–∏,or
–≤ —è–∫–æ—Å—Ç—ñ,as
—â–æ,What
–π—Ç–∏,to go
—ó—Ö,their
–º–æ–∂–µ,maybe
—Ö—Ç–æ,who
–æ—Ç—Ä–∏–º—É–≤–∞—Ç–∏,get
–∫–æ–ª–∏/—è–∫—â–æ,when/if
–±–∏/–±—É–¥–µ,would/will be
—ó—ó,its
—É—Å–µ,everyone
–º–æ—î,my
—Ä–æ–±–∏—Ç–∏,do
–ø—Ä–æ,about
–∑–Ω–∞—Ç–∏,know
–±—É–¥–µ,will be
–ø–æ–∫–∏,until
–≤–≥–æ—Ä—É,above
–æ–¥–∏–Ω,one
—á–∞—Å,time
—Ç–∞–º,there
—Ä—ñ–∫,year
—Ç–æ–º—É —â–æ,because
–¥—É–º–∞—Ç–∏,think
–∫–æ–ª–∏,When
–∫–æ—Ç—Ä–∏–π,which
—ó–º,them
–¥–µ—è–∫—ñ,some
–º—ñ–π,my
–ª—é–¥–∏,People
–±—Ä–∞—Ç–∏,take
—ñ–∑/–∑–æ–≤–Ω—ñ,from the outside
–≤—Å–µ—Ä–µ–¥–∏–Ω—ñ,within
–ø—Ä–æ—Å—Ç–æ,Just
–±–∞—á–∏—Ç–∏,see
–π–æ–≥–æ,its
—Ç–≤—ñ–π,thy
–ø—Ä–∏—Ö–æ–¥–∏—Ç–∏,come
–º—ñ–≥,could
–∑–∞—Ä–∞–∑,now
–Ω—ñ–∂,than
—è–∫,as
—ñ–Ω—à–∏–π,another
—è–∫,as
—Ç–æ–¥—ñ,then
—Ü—å–æ–≥–æ,this
–Ω–∞—à–µ,ours
–¥–≤–∞,two
–±—ñ–ª—å—à–µ,more
—Ü—ñ,or
–±–∞–∂–∞—Ç–∏,wish
–∑–∞—Å—ñ–±,means
–≤–∏–≥–ª—è–¥–∞—î,looks
–ø–µ—Ä—à–∏–π,first
—Ç–∞–∫–æ–∂,also
–Ω–æ–≤–∏–π,new
—Ç–æ–º—É —â–æ,because
–¥–µ–Ω—å,day
–¥–æ–¥–∞—Ç–∫–æ–≤–∏–π,additional
–≤–∏–∫–æ—Ä–∏—Å—Ç–æ–≤—É–≤–∞—Ç–∏,use
–Ω—ñ,no
–ª—é–¥–∏–Ω–∞/—á–æ–ª–æ–≤—ñ–∫,person/man
–∑–Ω–∞—Ö–æ–¥–∏—Ç–∏,find
—Ç—É—Ç,here
—Ä—ñ—á,thing
–¥–∞–≤–∞—Ç–∏,give
–±–∞–≥–∞—Ç–æ,many
—Ö–æ—Ä–æ—à–æ,Fine
—Ç—ñ–ª—å–∫–∏,only
—Ç—ñ,those
—Ä–æ–∑–ø–æ–≤—ñ–¥–∞—Ç–∏,tell
—á–∞—Å—Ç–∏—Ü—è,a particle
–¥—É–∂–µ,very
—ó—ó,its
–Ω–∞–≤—ñ—Ç—å,even
—Ç–æ–º—É/–Ω–∞–∑–∞–¥,ago/ago
–±—É–¥—å-—è–∫–∏–π,any
—Ö–æ—Ä–æ—à–∏–π,good
–∂—ñ–Ω–∫–∞,woman
–¥—É–º–∫–∞,opinion
–Ω–∞–º/–Ω–∞—Å,us/us
–∂–∏—Ç—Ç—è,life
–¥–∏—Ç–∏–Ω–∞,baby
—Ç—É–¥–∏,there
–ø—Ä–∞—Ü—é–≤–∞—Ç–∏,work
–≤–Ω–∏–∑,down
–±–∞–≥–∞—Ç–æ,many
–ø—ñ—Å–ª—è,after
–º–∞—î,has
–∫–ª–∏–∫–∞—Ç–∏,call
—Å–≤—ñ—Ç,world
–ø–æ–Ω–∞–¥,over
—à–∫–æ–ª–∞,school
–¥–æ —Ü—å–æ–≥–æ —á–∞—Å—É,until now
–Ω–∞–º–∞–≥–∞—Ç–∏—Å—è,try
–≤—Å–µ—Ä–µ–¥–∏–Ω—ñ,within
–Ω–∞–ø—Ä–∏–∫–ª–∞–¥ —è–∫,for example how
–æ—Å—Ç–∞–Ω–Ω—ñ–π,last
–ø–∏—Ç–∞—Ç–∏,ask
–ø–æ—Ç—Ä–µ–±—É–≤–∞—Ç–∏,need
—Ç–µ–∂,also
–≤—ñ–¥—á—É–≤–∞—Ç–∏,feel
—Ü–µ,it
–∫–æ–ª–∏,When
—Å—Ç–∞–Ω,state
–Ω—ñ–∫–æ–ª–∏,never
—Å—Ç–∞–≤–∞—Ç–∏,become
–º—ñ–∂,between
–≤–∏—Å–æ–∫–∏–π,high
—Å–ø—Ä–∞–≤–¥—ñ,really
—â–æ-–Ω–µ–±—É–¥—å,anything
–±—ñ–ª—å—à—ñ—Å—Ç—å,majority
—ñ–Ω—à–∏–π,another
–±–∞–≥–∞—Ç–æ,many
—Å—ñ–º'—è,family
–æ—Å–æ–±–∏—Å—Ç–∏–π,personal
–∑–∑–æ–≤–Ω—ñ,from the outside
–ø–æ–∫–∏–¥–∞—Ç–∏,leave
–ø–æ–∫–ª–∞–≤,put
—Å—Ç–∞—Ä–∏–π,old
–¥–æ–ø–æ–∫–∏,until
–¥–µ–∫—ñ–ª—å–∫–∞,few
–≤—ñ–¥,from
–∑–±–µ—Ä—ñ–≥–∞—Ç–∏,save
—Å—Ç—É–¥–µ–Ω—Ç,student
—á–æ–º—É,Why
–¥–æ–∑–≤–æ–ª—è—Ç–∏,allow
–≤–µ–ª–∏–∫–∏–π,great
–æ–¥–Ω–∞–∫–æ–≤–∏–π,identical
–≤–µ–ª–∏–∫–∏–π,great
–≥—Ä—É–ø–∞,group
–ø–æ—á–∏–Ω–∞—Ç–∏,start
–∑–¥–∞–≤–∞—Ç–∏—Å—è,seem
–∫—Ä–∞—ó–Ω–∞,country
–¥–æ–ø–æ–º–æ–≥–∞—Ç–∏,to help
—Å–ø—ñ–ª–∫—É–≤–∞—Ç–∏—Å—è,communicate
–¥–µ,as well
–ø–æ–≤–µ—Ä—Ç–∞—Ç–∏,return
–ø—Ä–æ–±–ª–µ–º–∞,problem
–∫–æ–∂–µ–Ω,each one
–ø–æ—á–∏–Ω–∞—Ç–∏,start
—Ä—É–∫–∞,hand
–º–æ–∂–ª–∏–≤–æ,perhaps
–∞–º–µ—Ä–∏–∫–∞–Ω—Å—å–∫–∏–π,American
–ø–æ–∫–∞–∑—É–≤–∞—Ç–∏,show
—á–∞—Å—Ç–∏–Ω–∞,part
–ø—Ä–æ,about
–ø—Ä–æ—Ç–∏,against
–º—ñ—Å—Ü–µ,place
–ø–æ–∑–∞ –º–µ–∂–∞–º–∏,out of bounds
—è–∫,as
–∑–Ω–æ–≤—É,again
–¥–µ–∫—ñ–ª—å–∫–∞,few
–≤–∏–ø–∞–¥–æ–∫,case
–±—ñ–ª—å—à—ñ—Å—Ç—å,majority
–Ω–µ–¥—ñ–ª—è,Sunday
–∫–æ–º–ø–∞–Ω—ñ—è,company
–¥–µ,as well
—Å–∏—Å—Ç–µ–º–∞,system
–∫–æ–∂–µ–Ω,each one
–ø—Ä–∞–≤–∏–ª—å–Ω–æ,right
–ø—Ä–æ–≥—Ä–∞–º–∞,program
—á—É—Ç–∏,to hear
—Ç–∞–∫,So
–ø–∏—Ç–∞–Ω–Ω—è,question
–ø—Ä–æ—Ç—è–≥–æ–º,for
–ø—Ä–∞—Ü—è,work
–≥—Ä–∞—Ç–∏,play
—É—Ä—è–¥,government
–±—ñ–≥—Ç–∏,run
–º–∞–ª–µ–Ω—å–∫–∏–π,small
–∫—ñ–ª—å–∫—ñ—Å—Ç—å,number
–≤—ñ–¥/–∑,from/from
–∑–∞–≤–∂–¥–∏,always
—Ä—É—Ö–∞—Ç–∏—Å—è,move
—Å—Ö–æ–∂–∏–π,similar
–Ω—ñ—á,night
–∂–∏—Ç–∏,live
–º—ñ—Å—Ç–µ—Ä,Mr
–∫—Ä–∞–ø–∫–∞,point
–≤—ñ—Ä–∏—Ç–∏,believe
—Ç—Ä–∏–º–∞—Ç–∏,keep
—Å—å–æ–≥–æ–¥–Ω—ñ,today
–Ω–µ—Å—Ç–∏,carry
—Ç—Ä–∞–ø–ª—è—Ç–∏—Å—è,occur
–Ω–∞—Å—Ç—É–ø–Ω–∏–π,following
–±–µ–∑,without
—Ä–∞–Ω—ñ—à–µ,earlier
–≤–µ–ª–∏—á–µ–∑–Ω–∏–π,huge
–≤—Å—ñ,all
–º—ñ–ª—å–π–æ–Ω,million
–ø–æ–≤–∏–Ω–µ–Ω,should
–¥—ñ–º,house
–ø—ñ–¥,under
–≤–æ–¥–∞,water
–∫—ñ–º–Ω–∞—Ç–∞,room
–ø–∏—Å–∞—Ç–∏,write
–º–∞—Ç–∏,have
–º—ñ—Å—Ü–µ–≤—ñ—Å—Ç—å,locality
–Ω–∞—Ü—ñ–æ–Ω–∞–ª—å–Ω–∏–π,national
–≥—Ä–æ—à—ñ,money
—ñ—Å—Ç–æ—Ä—ñ—è,history
–º–æ–ª–æ–¥–∏–π,young
—Ñ–∞–∫—Ç,fact
–º—ñ—Å—è—Ü,a month
—Ä—ñ–∑–Ω–∏–π,different
–±–∞–≥–∞—Ç–æ,many
–ø—Ä–∞–≤–æ,right
–≤—á–∏—Ç–∏,to teach
–∫–Ω–∏–≥–∞,book
–æ–∫–æ,the eye
—Ä–æ–±–æ—Ç–∞,work
—Å–ª–æ–≤–æ,word
—Ö–æ—á–∞,although
–±—ñ–∑–Ω–µ—Å,business
–ø—Ä–æ–±–ª–µ–º–∞,problem
—Å—Ç–æ—Ä–æ–Ω–∞,side
–∫—Ä–∞—î–≤–∏–¥,landscape
—á–æ—Ç–∏—Ä–∏,four
–≥–æ–ª–æ–≤–∞,head
–¥–∞–ª–µ–∫–∏–π,far
—á–æ—Ä–Ω–∏–π,black
–¥–æ–≤–≥–∏–π,long
–æ–±–∏–¥–≤–∞,both
–º–∞–ª–µ–Ω—å–∫–∏–π,small
–¥—ñ–º,house
—Ç–∞–∫,So
–ø—ñ—Å–ª—è,after
–∑,with
–¥–æ–≤–≥–æ,long
–ø–æ—Å—Ç–∞—á–∞—Ç–∏,supply
—Å–µ—Ä–≤—ñ—Å,service
–Ω–∞–≤–∫–æ–ª–æ,around
–¥—Ä—É–≥,another
–≤–∞–∂–ª–∏–≤–∏–π,important
–±–∞—Ç—å–∫–æ,father
—Å–∏–¥—ñ—Ç–∏,sit
–ø–æ–∑–∞/–¥–∞–ª–µ–∫–æ,pose/far
–¥–æ —Ç–∏—Ö –ø—ñ—Ä,until then
—Å–∏–ª–∞,strength
—á–∞—Å,time
–≥—Ä–∞,game
—á–∞—Å—Ç–æ,often
–¥–æ—Å—ñ,still
–ª—ñ–Ω—ñ—è,line
–ø–æ–ª—ñ—Ç–∏—á–Ω–∏–π,political
–∫—ñ–Ω–µ—Ü—å,end
—Å–µ—Ä–µ–¥,among
–∑–∞–≤–∂–¥–∏,always
—Å—Ç–æ—è—Ç–∏,stand
–ø–æ–≥–∞–Ω–∏–π,bad
–≤—Ç—Ä–∞—á–∞—Ç–∏,lose
–æ–¥–Ω–∞–∫,however
—É—á–∞—Å–Ω–∏–∫,member
–ø–ª–∞—Ç–∏—Ç–∏,pay
–∑–∞–∫–æ–Ω,law
–∑—É—Å—Ç—Ä—ñ—á–∞—Ç–∏,meet
–∞–≤—Ç–æ–º–æ–±—ñ–ª—å,car
–º—ñ—Å—Ç–æ,city
–º–∞–π–∂–µ,almost
–≤–∫–ª—é—á–∞—Ç–∏,comprise
–ø—Ä–æ–¥–æ–≤–∂—É–≤–∞—Ç–∏,continue
–≤—Å—Ç–∞–Ω–æ–≤–ª—é–≤–∞—Ç–∏,establish
–ø—ñ–∑–Ω—ñ—à–µ,later
—Å–ø—ñ–ª—å–Ω–æ—Ç–∞,community
–∑–Ω–∞—á–Ω–æ,much
—ñ–º'—è,name
–ø'—è—Ç—å,five
–æ–¥–Ω–æ–≥–æ —Ä–∞–∑—É,once
–±—ñ–ª–∏–π,white
–Ω–∞–π–º–µ–Ω—à,least
–ø—Ä–µ–∑–∏–¥–µ–Ω—Ç,president
–≤—á–∏—Ç–∏,to teach
—Å–ø—Ä–∞–≤–∂–Ω—ñ–π,real
–º—ñ–Ω—è—Ç–∏,change
–∫–æ–º–∞–Ω–¥–∞,team
—Ö–≤–∏–ª–∏–Ω–∞,minute
–∫—Ä–∞—â–∏–π,better
–¥–µ–∫—ñ–ª—å–∫–∞,few
—ñ–¥–µ—è,idea
–¥–∏—Ç–∏–Ω–∞,baby
—Ç—ñ–ª–æ,body
—ñ–Ω—Ñ–æ—Ä–º–∞—Ü—ñ—è,information
–Ω—ñ—á–æ–≥–æ,nothing
—Ç–æ–º—É –Ω–∞–∑–∞–¥,way back
–ø—Ä–∞–≤–∏–ª—å–Ω–∏–π,correct
–≤–µ—Å—Ç–∏,lead
—Å–æ—Ü—ñ–∞–ª—å–Ω–∏–π,social
—Ä–æ–∑—É–º—ñ—Ç–∏,understand
–±–µ–∑ —Ä—ñ–∑–Ω–∏—Ü—ñ,no difference
–Ω–∞–∑–∞–¥,back
–¥–∏–≤–∏—Ç–∏—Å—å,look
—Ä–∞–∑–æ–º,together
–ª—é–¥–∏–Ω–∞,man
–Ω–∞–≤–∫–æ–ª–æ,around
–æ–¥–∏–Ω –∑ –±–∞—Ç—å–∫—ñ–≤,one of the parents
–ª–∏—à–µ,only
–∑—É–ø–∏–Ω—è—Ç–∏—Å—è,stop
–æ–±–ª–∏—á—á—è,face
—â–æ-–Ω–µ–±—É–¥—å,anything
—Å—Ç–≤–æ—Ä—é–≤–∞—Ç–∏,create
–≥—Ä–æ–º–∞–¥—Å—å–∫–∏–π,public
–≤–∂–µ,already
—Å–ø—ñ–ª–∫—É–≤–∞—Ç–∏—Å—è,communicate
—ñ–Ω—à—ñ,others
—á–∏—Ç–∞—Ç–∏,read
—Ä—ñ–≤–µ–Ω—å,level
–¥–æ–∑–≤–æ–ª—è—Ç–∏,allow
–¥–æ–¥–∞–≤–∞—Ç–∏,add
–æ—Ñ—ñ—Å,office
–ø—Ä–æ–≤–æ–¥–∏—Ç–∏,conduct
–¥–≤–µ—Ä—ñ,door
–∑–¥–æ—Ä–æ–≤'—è,health
–ª—é–¥–∏–Ω–∞,man
–º–∏—Å—Ç–µ—Ü—Ç–≤–æ,art
–∑–≤–∏—á–∞–π–Ω–æ,Of course
—Ç–∞–∫–∏–π,such
–≤—ñ–π–Ω–∞,war
—ñ—Å—Ç–æ—Ä—ñ—è,history
–≤–µ—á—ñ—Ä–∫–∞,party
–≤ –º–µ–∂–∞—Ö,within
—Ä–æ—Å—Ç–∏,grow
—Ä–µ–∑—É–ª—å—Ç–∞—Ç,result
–≤—ñ–¥—á–∏–Ω—è—Ç–∏,open
–∑–º—ñ–Ω–∞,change
—Ä–∞–Ω–æ–∫,morning
–≥—É–ª—è—Ç–∏,walk
–ø—Ä–∏—á–∏–Ω–∞,cause
–Ω–∏–∑—å–∫–∏–π,low
–ø–µ—Ä–µ–º–∞–≥–∞—Ç–∏,win
–¥–æ—Å–ª—ñ–¥–∂—É–≤–∞—Ç–∏,explore
–¥—ñ–≤—á–∏–Ω–∫–∞,girl
–ø–∞—Ä—É–±–æ–∫,boy
—Ä–∞–Ω–æ,early
—ó–∂–∞,food
–¥–æ,to
–º–æ–º–µ–Ω—Ç,moment
—Å–∞–º,alone
–ø–æ–≤—ñ—Ç—Ä—è,air
–≤—á–∏—Ç–µ–ª—å,the teacher
—Å–∏–ª–∞,strength
–ø—Ä–æ–ø–æ–Ω—É–≤–∞—Ç–∏,offer
–¥–æ—Å—Ç–∞—Ç–Ω—å–æ,enough
–ø–∞—Ä–∞,pair
–æ—Å–≤—ñ—Ç–∞,education
—á–µ—Ä–µ–∑,through
—Ö–æ—á–∞,although
–ø–∞–º'—è—Ç–∞—Ç–∏,remember
—ó–∂–∞,food
–¥—Ä—É–≥–∏–π,second
—Ö–ª–æ–ø—á–∏–∫,boy
–º–æ–∂–ª–∏–≤–æ,perhaps
–¥–æ,to
–∑–¥–∞—Ç–µ–Ω,capable
–≤—ñ–∫,age
–≤—ñ–¥,from
–ø–æ–ª—ñ—Ç–∏–∫–∞,policy
–≤—Å—ñ,all
–∫–æ—Ö–∞–Ω–Ω—è,love
–ø—Ä–æ—Ü–µ—Å,process
–º—É–∑–∏–∫–∞,music
–≤–∫–ª—é—á–∞—é—á–∏,including
—Ä–æ–∑–≥–ª—è–¥–∞—Ç–∏,consider
–∑'—è–≤–ª—è—Ç–∏—Å—è,emerge
–Ω–∞—Å–ø—Ä–∞–≤–¥—ñ,actually
–∫—É–ø—É–≤–∞—Ç–∏,buy
–º–æ–∂–ª–∏–≤–æ,perhaps
–ª—é–¥–∏–Ω–∞,man
—á–µ–∫–∞—Ç–∏,wait
–æ–±—Å–ª—É–≥–æ–≤—É–≤–∞—Ç–∏,serve
—Ä–∏–Ω–æ–∫,market
–≤–º–∏—Ä–∞—Ç–∏,to die
–≤—ñ–¥–ø—Ä–∞–≤–ª—è—Ç–∏,send
—á–µ–∫–∞—Ç–∏,wait
–¥—ñ–º,house
—Å—É—Ç—å,the essence
–±—É–¥—É–≤–∞—Ç–∏,build
–∑–∞–ª–∏—à–∞—Ç–∏—Å—è,remain
–ø–∞–¥–∞—Ç–∏,fall
–æ—Ö,Oh
–Ω–∞—Ü—ñ—è,nation
–ø–ª–∞–Ω,plan
—Ä—ñ–∑–∞—Ç–∏,cut
–∫–æ–ª–µ–¥–∂,college
–∑–∞—Ü—ñ–∫–∞–≤–ª–µ–Ω—ñ—Å—Ç—å,interest
—Å–º–µ—Ä—Ç—å,death
–Ω–∞–ø—Ä—è–º,direction
–¥–µ—Ö—Ç–æ,some
–¥–æ—Å–≤—ñ–¥,experience
–∑–∑–∞–¥—É/–∑–∞,behind/behind
–¥–æ—Å—è–≥–∞—Ç–∏,reach
–º—ñ—Å—Ü–µ–≤–∏–π,local
–≤–±–∏–≤–∞—Ç–∏,to kill
—à—ñ—Å—Ç—å,six
–∑–∞–ª–∏—à–∞—Ç–∏—Å—è,remain
–≤–ø–ª–∏–≤–∞—Ç–∏,influence
–≤–∏–∫–æ—Ä–∏—Å—Ç–æ–≤—É–≤–∞—Ç–∏,use
—Ç–∞–∫,So
–ø—Ä–æ–ø–æ–Ω—É–≤–∞—Ç–∏,offer
–∫–ª–∞—Å,class
–∫–æ–Ω—Ç—Ä–æ–ª—å,CONTROL
—Ä–æ—Å—Ç–∏,grow
—Ç—É—Ä–±–æ—Ç–∞,care
–º–æ–∂–ª–∏–≤–æ,perhaps
—Ç—Ä–æ—Ö–∏,a little
–ø—ñ–∑–Ω—ñ–π,late
–≤–∞–∂–∫–∏–π,heavy
–ø–æ–ª–µ,field
—ñ–Ω—à–∏–π,another
–ø—Ä–æ—Ö–æ–¥–∏—Ç–∏,pass
–∫–æ–ª–∏—à–Ω—ñ–π,former
–ø—Ä–æ–¥–∞–≤–∞—Ç–∏,sell
–æ—Å–Ω–æ–≤–Ω–∏–π,basic
—ñ–Ω–æ–¥—ñ,sometimes
–≤–∏–º–∞–≥–∞—Ç–∏,require
—Ä–∞–∑–æ–º,together
—Ä–æ–∑–≤–∏—Ç–æ–∫,development
—Å–∞–º—ñ,themselves
–¥–æ–ø–æ–≤—ñ–¥–∞—Ç–∏,report
—Ä–æ–ª—å,role
–∫—Ä–∞—â–µ,better
–µ–∫–æ–Ω–æ–º—ñ—á–Ω–∏–π,economic
–∑—É—Å–∏–ª–ª—è,effort
–≤–≥–æ—Ä—É,above
–≤–∏—Ä—ñ—à—É–≤–∞—Ç–∏,solve
—Ç–µ–º–ø,pace
—Å–∏–ª—å–Ω–∏–π,strong
–º–æ–∂–ª–∏–≤–∏–π,possible
—Å–µ—Ä—Ü–µ,heart
–ª—ñ–∫–∏/–Ω–∞—Ä–∫–æ—Ç–∏–∫,medicine/drug
–≤—ñ–¥–æ–±—Ä–∞–∂–∞—Ç–∏,to display
–ª—ñ–¥–µ—Ä,leader
—Å–≤—ñ—Ç,world
–≥–æ–ª–æ—Å,voice
–∂—ñ–Ω–∫–∞,woman
—Ü—ñ–ª–∏–π,whole
–ø–æ–ª—ñ—Ü—ñ—è,police
—Ä–æ–∑—É–º,mind
–Ω–∞—Ä–µ—à—Ç—ñ,finally
—Ç—è–≥–Ω—É—Ç–∏,pull
–ø–æ–≤–µ—Ä—Ç–∞—Ç–∏—Å—è,turn
–±–µ–∑–∫–æ—à—Ç–æ–≤–Ω–∏–π/–≤—ñ–ª—å–Ω–∏–π,free/free
–≤—ñ–π—Å—å–∫–æ–≤–∏–π,military
—Ü—ñ–Ω–∞,price
–∑–≤—ñ—Ç,report
–º–µ–Ω—à–µ,Less
–≤—ñ–¥–ø–æ–≤—ñ–¥–Ω–æ,in accordance
—Ä—ñ—à–µ–Ω–Ω—è,decision
–ø–æ—è—Å–Ω—é–≤–∞—Ç–∏,explain
—Å–∏–Ω,syn
—Å–ø–æ–¥—ñ–≤–∞—Ç–∏—Å—è,hope
–Ω–∞–≤—ñ—Ç—å,even
—Ä–æ–∑–≤–∏–≤–∞—Ç–∏,develop
–±–∞—á–µ–Ω–Ω—è,vision
–≤—ñ–¥–Ω–æ—Å–∏–Ω–∏,relations
–Ω–µ—Å—Ç–∏,carry
–º—ñ—Å—Ç–æ,city
–¥–æ—Ä–æ–≥–∞,road
–≤–æ–¥–∏—Ç–∏,lead
—Ä—É–∫–∞,hand
–ø—Ä–∞–≤–∏–ª—å–Ω–∏–π,correct
—Ñ–µ–¥–µ—Ä–∞–ª—å–Ω–∏–π,federal
–ª–æ–º–∞—Ç–∏,the reason
–∫—Ä–∞—â–µ,better
—Ä—ñ–∑–Ω–∏—Ü—è,difference
–≤–¥—è—á–Ω—ñ—Å—Ç—å,appreciation
–æ—Ç—Ä–∏–º—É–≤–∞—Ç–∏,get
–∑–Ω–∞—á–µ–Ω–Ω—è,value
–º—ñ–∂–Ω–∞—Ä–æ–¥–Ω–∏–π,international
–±—É–¥—ñ–≤–ª—è,building
–¥—ñ—è,action
–ø–æ–≤–Ω–∏–π,full
–º–æ–¥–µ–ª—å,model
–ø—Ä–∏—î–¥–Ω—É–≤–∞—Ç–∏—Å—è,join
—Å–µ–∑–æ–Ω,season
—Å—É—Å–ø—ñ–ª—å—Å—Ç–≤–æ,society
—Ç–æ–º—É —â–æ,because
–ø–æ–¥–∞—Ç–æ–∫,tax
–¥–∏—Ä–µ–∫—Ç–æ—Ä,director
–ø–æ—á–∞—Ç–∫–æ–≤–∏–π,initial
–ø–æ–∑–∏—Ü—ñ—è/–ø–æ—Å–∞–¥–∞,position/position
—ñ–≥—Ä–æ–∫,player
–ø–æ–≥–æ–¥–∂—É–≤–∞—Ç–∏—Å—è,agree
–æ—Å–æ–±–ª–∏–≤–æ,especially
–∑–∞–ø–∏—Å—É–≤–∞—Ç–∏,record
–≤–∏–±–∏—Ä–∞—Ç–∏,choose
–Ω–æ—Å–∏—Ç–∏ (–æ–¥—è–≥),wear (clothes)
–ø–∞–ø—ñ—Ä,paper
—Å–ø–µ—Ü—ñ–∞–ª—å–Ω–æ,specially
–ø—Ä–æ—Å—Ç—ñ—Ä,space
–∑–µ–º–ª—è,Earth
—Ñ–æ—Ä–º–∞,form
–ø—ñ–¥—Ç—Ä–∏–º–∫–∞,support
–ø–æ–¥—ñ—è,event
–æ—Ñ—ñ—Ü—ñ–π–Ω–∏–π,official
—á–∏–π,whose
–º–∞—Ç–∏ –∑–Ω–∞—á–µ–Ω–Ω—è,matter
–≤—Å—ñ,all
—Ü–µ–Ω—Ç—Ä,center
–ø–∞—Ä–∞,pair
—Å–∞–π—Ç,website
–∫—ñ–Ω–µ—Ü,the end
–ø—Ä–æ—î–∫—Ç,project
—É—Ä–∞–∂–∞—Ç–∏(—Ü—ñ–ª—å),hit (target)
–æ—Å–Ω–æ–≤–∞,basis
–∑–∞–Ω—è—Ç—Ç—è,occupation
–∑—ñ—Ä–∫–∞,star
—Å—Ç—ñ–ª,table
–Ω–µ–æ–±—Ö—ñ–¥–Ω—ñ—Å—Ç—å,necessity
–∫–æ—Ä—Ç,worm
–≤–∏—Ä–æ–±–ª—è—Ç–∏,produce
—ó—Å—Ç–∏,eat
–∞–º–µ—Ä–∏–∫–∞–Ω–µ—Ü—å,American
–≤–∏–∫–ª–∞–¥–∞—Ç–∏,teach
–º–∞—Å–ª–æ,oil
–ø–æ–ª–æ–≤–∏–Ω–∞,half
—Å–∏—Ç—É–∞—Ü—ñ—è,situation
–ª–µ–≥–∫–æ,light
–≤–∞—Ä—Ç—ñ—Å—Ç—å,cost
–≥–∞–ª—É–∑—å,branch
—Ñ—ñ–≥—É—Ä–∞,figure
–æ–±–ª–∏—á—á—è,face
–≤—É–ª–∏—Ü—è,street
–∑–æ–±—Ä–∞–∂–µ–Ω–Ω—è,image
—Å–∞–º–æ,only
—Ç–µ–ª–µ—Ñ–æ–Ω,telephone
—á–∏,or
–¥–∞–Ω—ñ,data
–ø–æ–∫—Ä–∏–≤–∞—Ç–∏,cover
–¥–æ–≤–æ–ª—ñ,enough
–∫–∞—Ä—Ç–∏–Ω–∫–∞,picture
—á–∏—Å—Ç–æ,purely
–ø—Ä–∞–∫—Ç–∏–∫–∞,practice
–º–∏—Ä,world
–∑–µ–º–ª—è,Earth
–Ω–µ—â–æ–¥–∞–≤–Ω–∏–π,recent
–æ–ø–∏—Å—É–≤–∞—Ç–∏,describe
–ø—Ä–æ–¥—É–∫—Ç,product
–ª—ñ–∫–∞—Ä,doctor
—Å—Ç—ñ–Ω–∞,wall
–ø–∞—Ü—ñ—î–Ω—Ç,patient
—Ä–æ–±–æ—á–∏–π,working
–Ω–æ–≤–∏–Ω–∏,news
—Ç–µ—Å—Ç,test
—Ñ—ñ–ª—å–º,the movie
–ø–µ–≤–Ω–∏–π,certain
–ø—ñ–≤–Ω—ñ—á,North
–∫–æ—Ö–∞–Ω–Ω—è,love
–æ—Å–æ–±–∏—Å—Ç–∏–π,personal
–≤—ñ–¥–∫—Ä–∏—Ç–∏–π,open
–ø—ñ–¥—Ç—Ä–∏–º–∫–∞,support
–ª–µ–≥–∫–æ,light
—Ç—Ä–µ—Ç—ñ–π,third
—Ç–µ—Ö–Ω–æ–ª–æ–≥—ñ—è,technology
–ª–æ–≤–∏—Ç–∏,catch
–∫—Ä–æ–∫,a step
–Ω–µ–º–æ–≤–ª—è,baby
–∫–æ–º–ø'—é—Ç–µ—Ä,computer
—Ç–∏–ø,type
—É–≤–∞–≥–∞,WARNING
–º–∞–ª—é–≤–∞—Ç–∏,draw
—Ñ—ñ–ª—å–º,the movie
—Ä–µ—Å–ø—É–±–ª—ñ–∫–∞–Ω–µ—Ü,Republican
–¥–µ—Ä–µ–≤–æ,tree
–¥–∂–µ—Ä–µ–ª–æ,source
—á–µ—Ä–≤–æ–Ω–∏–π,red
–ø—Ä–∏–±–ª–∏–∑–Ω–æ,about
–æ—Ä–≥–∞–Ω—ñ–∑–∞—Ü—ñ—è,organization
–æ–±–∏—Ä–∞—Ç–∏,choose
–ø—Ä–∏—á–∏–Ω–∞,cause
–≤–æ–ª–æ—Å—Å—è,hair
–≤–∏–¥,view
—Ç–æ—á–∫–∞ (–ø–æ–≥–ª—è–¥),point (view)
–≤—ñ–∫,age
–¥–æ–∫–∞–∑,proof
–≤—ñ–∫–Ω–æ,window
—Å–∫–ª–∞–¥–Ω–∏–π,complex
—Å–ª—É—Ö–∞—Ç–∏,listen
—Å–∫–æ—Ä–æ,soon
–∫—É–ª—å—Ç—É—Ä–∞,culture
–º—ñ–ª—å—è—Ä–¥,billion
—à–∞–Ω—Å,chance
–±—Ä–∞—Ç,Brother
–µ–Ω–µ—Ä–≥—ñ—è,energy
–ø–µ—Ä—ñ–æ–¥,period
–±–ª—é–¥–æ,dish
–ª—ñ—Ç–æ,summer
–º–µ–Ω—à–∏–π,less
—Ä–µ–∞–ª—ñ–∑–æ–≤—É–≤–∞—Ç–∏,implement
—Å—Ç–æ,one hundred
–¥–æ—Å—Ç—É–ø–Ω–∏–π,available
—Ä–æ—Å–ª–∏–Ω–∞,plant
–º–æ–∂–ª–∏–≤–æ,perhaps
–º–æ–∂–ª–∏–≤—ñ—Å—Ç—å,possibility
—Ç–µ—Ä–º—ñ–Ω,term
–∫–æ—Ä–æ—Ç–∫–∏–π,short
–ø–∏—Å—å–º–æ,letter
—Å—Ç–∞–Ω,state
–≤–∏–±—ñ—Ä,choice
–º—ñ—Å—Ü–µ–∑–Ω–∞—Ö–æ–¥–∂–µ–Ω–Ω—è,location
–æ–¥–∏–Ω/—Å–∞–º–æ—Ç–Ω—ñ–π,alone/lonely
–ø—Ä–∞–≤–∏–ª–æ,rule
–¥–æ–Ω—å–∫–∞,daughter
–∞–¥–º—ñ–Ω—ñ—Å—Ç—Ä–∞—Ü—ñ—è,administration
–ø—ñ–≤–¥–µ–Ω—å,South
—á–æ–ª–æ–≤—ñ–∫,man
–ö–æ–Ω–≥—Ä–µ—Å,Congress
–ø—ñ–¥–ª–æ–≥–∞/–ø–æ–≤–µ—Ä—Ö,floor/floor
–∫–∞–º–ø–∞–Ω—ñ—è,company
–º–∞—Ç–µ—Ä—ñ–∞–ª,material
–Ω–∞—Å–µ–ª–µ–Ω–Ω—è,population
–¥–æ–±—Ä–µ,good
–∫–æ–Ω—Ç–∞–∫—Ç—É–≤–∞—Ç–∏,to contact
–µ–∫–æ–Ω–æ–º—ñ–∫–∞,economy
–º–µ–¥–∏—á–Ω–∏–π,medical
–ª—ñ–∫–∞—Ä–Ω—è,hospital
—Ü–µ—Ä–∫–≤–∞,church
–∑–∞—á–∏–Ω—è—Ç–∏,close
—Ç–∏—Å—è—á–∞,thousand
—Ä–∏–∑–∏–∫,risk
–ø–æ—Ç–æ—á–Ω–∏–π,current
–≤–æ–≥–æ–Ω—å,fire
–º–∞–π–±—É—Ç–Ω—î,future
–Ω–µ–≤—ñ—Ä–Ω–∏–π,unfaithful
–≤–∫–ª—é—á–∞—Ç–∏,comprise
–∑–∞—Ö–∏—Å—Ç,protection
—Ö—Ç–æ-–Ω–µ–±—É–¥—å,anyone
–∑–±—ñ–ª—å—à—É–≤–∞—Ç–∏,increase
–±–µ–∑–ø–µ–∫–∞,security
–±–∞–Ω–∫,bank
—Å–∞–º,alone
–±–µ–∑—É–º–æ–≤–Ω–æ,certainly
–∑–∞—Ö—ñ–¥,West
—Å–ø–æ—Ä—Ç,sports
–±–æ—Ä—Ç,board
—à—É–∫–∞—Ç–∏,search
–∑–∞,for
–ø—Ä–µ–¥–º–µ—Ç,item
–æ—Ñ—ñ—Ü–µ—Ä,officer
–ø—Ä–∏–≤–∞—Ç–Ω–∏–π,private
–≤—ñ–¥–ø–æ—á–∏–Ω–æ–∫,rest
–ø–æ–≤–µ–¥—ñ–Ω–∫–∞,behavior
—É–≥–æ–¥–∞,agreement
–≤–∏—Å—Ç–∞–≤–∞,performance
–±–∏—Ç–∏—Å—è,fight
—á–µ—Ä–µ–∑,through
–≤–µ—Ä—Ö,top
—à–≤–∏–¥–∫–æ,quickly
–º–∏–Ω—É–ª–µ,last time
—Ü—ñ–ª—å,target
–¥—Ä—É–≥–∏–π,second
–ª—ñ–∂–∫–æ,bed
–ø–æ—Ä—è–¥–æ–∫,order
–∞–≤—Ç–æ—Ä,author
–∑–∞–ø–æ–≤–Ω—é–≤–∞—Ç–∏,fill in
–ø—Ä–µ–¥—Å—Ç–∞–≤–ª—è—Ç–∏,represent
—Ñ–æ–∫—É—Å,focus
—ñ–Ω–æ–∑–µ–º–Ω–∏–π,foreign
–ø–∞–¥–∞—Ç–∏,fall
–ø–ª–∞–Ω,plan
–∫—Ä–æ–≤,blood
–Ω–∞/–ø–æ,on/by
–∞–≥–µ–Ω—Ç—Å—Ç–≤–æ,agency
—à—Ç–æ–≤—Ö–∞—Ç–∏,push
–ø—Ä–∏—Ä–æ–¥–∞,nature
—Ü–≤–µ—Ç,color
–Ω—ñ–∫–æ–≥–æ,no one
–Ω–µ—â–æ–¥–∞–≤–Ω–æ,newly
–º–∞–≥–∞–∑–∏–Ω,shop
–∑–Ω–∏–∂—É–≤–∞—Ç–∏,reduce
–∑–≤—É–∫,sound
–ø–æ–º—ñ—Ç–∫–∞,mark
–≤—ñ–¥–º—ñ–Ω–Ω–æ,perfectly
—Ä–∞–Ω—ñ—à–µ,earlier
–±–ª–∏–∑—å–∫–æ,close
—Ä—É—Ö,movement
—Å—Ç–æ—Ä—ñ–Ω–∫–∞,page
–≤—Ö–æ–¥–∏—Ç–∏,enter
–¥—ñ–ª–∏—Ç–∏—Å—è,share
—è–∫,as
–∑–∞–≥–∞–ª—å–Ω–∏–π,general
–±—ñ–¥–Ω–∏–π,poor
—ñ–Ω—à–∏–π,another
–ø—Ä–∏—Ä–æ–¥–Ω–∏–π,natural
–ø–µ—Ä–µ–≥–æ–Ω–∏,race
–∑–∞–Ω–µ–ø–æ–∫–æ—î–Ω–Ω—è,concern
—Å–µ—Ä—ñ—ó,series
–∑–Ω–∞—á–Ω–∏–π,considerable
—Å—Ö–æ–∂–∏–π,similar
–≥–∞—Ä—è—á–∏–π,hot
—è–∑–∏–∫,tongue
–∫–æ–∂–µ–Ω,each one
–∑–∞–∑–≤–∏—á–∞–π,usually
–≤—ñ–¥–ø–æ–≤—ñ–¥—å,respond
–º–µ—Ä—Ç–≤–∏–π,dead
–∑—Ä–æ—Å—Ç–∞—Ç–∏,grow
—Ç–≤–∞—Ä–∏–Ω–∞,animal
—Ñ–∞–∫—Ç–æ—Ä,factor
–¥–µ—Å—è—Ç–∏–ª—ñ—Ç—Ç—è,decade
—Å—Ç–∞—Ç—Ç—è,article
—Å—Ç—Ä—ñ–ª—è—Ç–∏,shoot
—Å—Ö—ñ–¥,East
–∑–±–µ—Ä—ñ–≥–∞—Ç–∏,save
—Å—ñ–º,seven
—Ö—É–¥–æ–∂–Ω–∏–∫,artist
–≥–µ—Ç—å,away
—Å—Ü–µ–Ω–∞,scene
–∑–∞–ø–∞—Å,stock
–∫–∞—Ä'—î—Ä–∞,career
–Ω–µ–∑–≤–∞–∂–∞—é—á–∏ –Ω–∞,in spite of
—Ü–µ–Ω—Ç—Ä–∞–ª—å–Ω–∏–π,central
–≤—ñ—Å—ñ–º,eight
—Ç–∞–∫–∏–º —á–∏–Ω–æ–º,so
–ª—ñ–∫—É–≤–∞–Ω–Ω—è,treatment
"–∑–∞, –ø–æ–∑–∞","for, pose"
—â–∞—Å–ª–∏–≤–∏–π,happy
—Ç–æ—á–Ω–æ,exactly
–∑–∞—Ö–∏—â–∞—Ç–∏,protect
–Ω–∞–±–ª–∏–∂–µ–Ω–Ω—è,approximation
–±—Ä–µ—Ö–∞—Ç–∏,lie
—Ä–æ–∑–º—ñ—Ä,size
—Å–æ–±–∞–∫–∞,dog
—Ñ–æ–Ω–¥,fund
—Å–µ—Ä–π–æ–∑–Ω–∏–π,serious
–≤—ñ–¥–±—É–≤–∞—î—Ç—å—Å—è,is happening
–º–µ–¥—ñ–∞,media
–≥–æ—Ç–æ–≤–∏–π,finished
–∑–Ω–∞–∫/–ø—ñ–¥–ø–∏—Å,mark/signature
–Ω–∞–º—ñ—Ä,intention
–ø–µ—Ä–µ–ª—ñ–∫,list
—ñ–Ω–¥–∏–≤—ñ–¥—É–∞–ª—å–Ω–∏–π,individual
–ø—Ä–æ—Å—Ç–∏–π,simple
—è–∫—ñ—Å—Ç—å,quality
—Ç–∏—Å–∫,pressure
–ø—Ä–∏–π–º–∞—Ç–∏,accept
–≤—ñ–¥–ø–æ–≤—ñ–¥—å,respond
—Å–∫–ª–∞–¥–Ω–∏–π,complex
—Ä–µ—Å—É—Ä—Å,resource
—ñ–¥–µ–Ω—Ç–∏—Ñ—ñ–∫—É–≤–∞—Ç–∏,identify
–ø–æ–∫–∏–¥–∞—Ç–∏,leave
–∑—É—Å—Ç—Ä—ñ—á,meeting
–≤–∏–∑–Ω–∞—á–∞—Ç–∏,determine
–ø—ñ–¥–≥–æ—Ç—É–≤–∞—Ç–∏—Å—è,to prepare
—Ö–≤–æ—Ä–æ–±–∞,disease
—â–æ-–Ω–µ–±—É–¥—å,anything
—É—Å–ø—ñ—Ö,success
—Å—É–ø–µ—Ä–µ—á–∫–∞,dispute
—á–∞—à–∫–∞,cup
–æ—Å–æ–±–ª–∏–≤–æ,especially
—Å—É–º–∞,sum
–º–æ–∂–ª–∏–≤—ñ—Å—Ç—å,possibility
–ø–µ—Ä—Å–æ–Ω–∞–ª,staff
–≤–ø—ñ–∑–Ω–∞–≤–∞—Ç–∏,recognize
–≤–∫–∞–∑—É–≤–∞—Ç–∏ –Ω–∞,point to
–ø–µ—Ä—Å–æ–Ω–∞–∂,character
—Ä—ñ—Å—Ç,growth
–≤—Ç—Ä–∞—Ç–∞,loss
—Å—Ç—É–ø—ñ–Ω—å,degree
–¥–∏–≤—É–≤–∞—Ç–∏—Å—è,wonder
–Ω–∞–ø–∞–¥,attack
—Å–∞–º–∞,herself
—Ä–µ–≥—ñ–æ–Ω,region
—Ç–µ–ª–µ–±–∞—á–µ–Ω–Ω—è,TV
–∫–æ—Ä–æ–±–∫–∞,box
–¢–í,TV
—Ç—Ä–µ–Ω—É–≤–∞–Ω–Ω—è,training
–≤—Ä–æ–¥–ª–∏–≤–∏–π,handsome
—Ç–æ—Ä–≥—ñ–≤–ª—è,trade
—Å–ø—Ä–∞–≤–∞,right
–≤–∏–±–æ—Ä–∏,election
–∫–æ–∂–µ–Ω,each one
—Ñ—ñ–∑–∏—á–Ω–∏–π,physical
–ª–µ–∂–∞—Ç–∏,lie
–∑–∞–≥–∞–ª—å–Ω–∏–π,general
–≤—ñ–¥—á—É—Ç—Ç—è,feeling
—Å—Ç–∞–Ω–¥–∞—Ä—Ç,standard
—Ä–∞—Ö—É–Ω–æ–∫,score
–ø–æ–≤—ñ–¥–æ–º–ª–µ–Ω–Ω—è,message
–Ω–µ–≤–¥–∞—á–∞,fail
–∑–æ–≤–Ω—ñ,outside
–ø—Ä–∏–±—É–≤–∞—Ç–∏,arrive
–∞–Ω–∞–ª—ñ–∑,analysis
–≤–∏–≥–æ–¥–∞,profit
—ñ–º'—è,name
—Å–µ–∫—Å,sex
–Ω–∞–ø—Ä—è–º—É,directly
—é—Ä–∏—Å—Ç,lawyer
–¥–∞—Ä—É–≤–∞—Ç–∏,give
—Ä–∞–∑–¥—ñ–ª,separate
–µ–∫–æ–ª–æ–≥—ñ—á–Ω–∏–π,ecological
—Å—Ç–∞–∫–∞–Ω,cup
–≤—ñ–¥–ø–æ–≤—ñ–¥—å,respond
–Ω–∞–≤–∏—á–∫–∞,habit
—Å–µ—Å—Ç—Ä–∞,sister
–ø—ñ—Å–ª—è –ø–æ–ª—É–¥–Ω—è,in the afternoon
–ø—Ä–æ—Ñ–µ—Å–æ—Ä,professor
–æ–ø–µ—Ä–∞—Ü—ñ—è,operation
—Ñ—ñ–Ω–∞–Ω—Å–æ–≤–∏–π,financial
–∑–ª–æ—á–∏–Ω,a crime
–µ—Ç–∞–ø,stage
–æ–∫,OK
–ø–æ—Ä—ñ–≤–Ω—é–≤–∞—Ç–∏,compare
–≤–ª–∞–¥–∞,government
—Å—É–º—É–≤–∞—Ç–∏,grieve
–¥–∏–∑–∞–π–Ω,design
–≤–∏–¥,view
—î–¥–∏–Ω–∏–π,only
–¥—ñ—è—Ç–∏,act
–¥–µ—Å—è—Ç—å,ten
–∑–Ω–∞–Ω–Ω—è,knowledge
–∑–±—Ä–æ—è,weapon
—Å—Ç–∞–Ω—Ü—ñ—è,station
–±–ª–∞–∫–∏—Ç–Ω–∏–π,blue
–¥–µ—Ä–∂–∞–≤–∞,state
—Å—Ç—Ä–∞—Ç–µ–≥—ñ—è,strategy
–º–∞–ª–æ,a little
—è—Å–Ω–æ,clear
–æ–±–≥–æ–≤–æ—Ä—é–≤–∞—Ç–∏,discuss
—Å–ø—Ä–∞–≤–¥—ñ,really
–ø—Ä–∏–º—É—à—É–≤–∞—Ç–∏,force
–ø—Ä–∞–≤–¥–∞,Truth
–ø—ñ—Å–Ω—è,song
–ø—Ä–∏–∫–ª–∞–¥,example
–¥–µ–º–æ–∫—Ä–∞—Ç–∏—á–Ω–∏–π,democratic
–ø–µ—Ä–µ–≤—ñ—Ä—è—Ç–∏,check
–Ω–∞–≤–∫–æ–ª–∏—à–Ω—î —Å–µ—Ä–µ–¥–æ–≤–∏—â–µ,environment
–Ω–æ–≥–∞,leg
—Ç–µ–º–Ω–∏–π,dark
–≥—Ä–æ–º–∞–¥—Å—å–∫—ñ—Å—Ç—å,public
—Ä—ñ–∑–Ω–æ–º–∞–Ω—ñ—Ç–Ω–∏–π,diverse
—Å–∫–æ—Ä—ñ—à–µ,rather
—Å–º—ñ—è—Ç–∏—Å—è,laugh
–∑–¥–æ–≥–∞–¥—É–≤–∞—Ç–∏—Å—è,guess
–ø–æ—Å–∞–¥–æ–≤–∞ –æ—Å–æ–±–∞,an official
–Ω–∞–±—ñ—Ä,set
–Ω–∞–≤—á–∞–Ω–Ω—è,teaching
–¥–æ–≤–æ–¥–∏—Ç–∏,prove
–≤—ñ—à–∞—Ç–∏,hang
—Ü—ñ–ª–∏–π,whole
—Ä–æ–∫,deadline
–¥–∏–∑–∞–π–Ω,design
–¥–æ—Å—Ç–∞—Ç–Ω—å–æ,enough
–∑–∞–±—É–≤–∞—Ç–∏,forget
–∑ —Ç–∏—Ö –ø—ñ—Ä,ever since
–≤–∏–º–∞–≥–∞—Ç–∏,require
–Ω–æ—Ç–∞,note
–≤–∏–¥–∞–ª—è—Ç–∏,remove
–º–µ–Ω–µ–¥–∂–µ—Ä,manager
–¥–æ–ø–æ–º–æ–≥–∞,help
–±–ª–∏–∑—å–∫–∏–π,near
–∑–≤—É—á–∞—Ç–∏,sound
–Ω–∞—Å–æ–ª–æ–¥–∂—É–≤–∞—Ç–∏—Å—è,enjoy
–º–µ—Ä–µ–∂–∞,chain
–∑–∞–∫–æ–Ω–Ω–∏–π,legitimate
—Ä–µ–ª—ñ–≥—ñ–π–Ω–∏–π,religious
—Ö–æ–ª–æ–¥–Ω–∏–π,cold
—Ñ–æ—Ä–º—É–≤–∞—Ç–∏,form
—Ñ—ñ–Ω–∞–ª,final
–≥–æ–ª–æ–≤–Ω–∏–π,main
–Ω–∞—É–∫–∞,science
–∑–µ–ª–µ–Ω–∏–π,green
–ø–∞–º'—è—Ç—å,memory
–∫–∞—Ä—Ç–∞,map
–ø–æ–Ω–∞–¥,over
—Å–∏–¥—ñ–Ω–Ω—è,seat
–∫–ª—ñ—Ç–∏–Ω–∞,cell
–≤—Å—Ç–∞–Ω–æ–≤–∏—Ç–∏,set
–≤—ñ–¥–º—ñ–Ω–Ω–æ,perfectly
—Å–ª—ñ–¥,trace
–µ–∫—Å–ø–µ—Ä—Ç,expert
–≤–µ—Å–Ω–∞,spring
—Ñ—ñ—Ä–º–∞,firm
–¥–µ–º–æ–∫—Ä–∞—Ç,democrat
—Ä–∞–¥—ñ–æ,radio
–≤—ñ–¥–≤—ñ–¥—É–≤–∞—Ç–∏,visit
—É–ø—Ä–∞–≤–ª—è—Ç–∏,manage
–ø—ñ–∫–ª—É–≤–∞—Ç–∏—Å—è,care
—É–Ω–∏–∫–∞—Ç–∏,avoid
—É—è–≤–ª—è—Ç–∏,imagine
—Ü—ñ—î—ó –Ω–æ—á—ñ,this night
–≤–µ–ª–∏–∫–∏–π,great
–º'—è—á,ball
–∑–∞–∫—Ä–∏–≤–∞—Ç–∏,close
–∑–∞–≤–µ—Ä—à—É–≤–∞—Ç–∏,complete
—Å–µ–±–µ,to yourself
–≥–æ–≤–æ—Ä–∏—Ç–∏,speak
—Ç–µ–æ—Ä—ñ—è,theory
–≤–ø–ª–∏–≤,influence
—Ä–µ–∞–≥—É–≤–∞—Ç–∏,respond
—Å—Ç–≤–µ—Ä–¥–∂–µ–Ω–Ω—è,statement
–ø—ñ–¥—Ç—Ä–∏–º—É–≤–∞—Ç–∏,support
–∑–∞—Ä—è–¥–∂–∞—Ç–∏,charge
–ø–æ–ø—É–ª—è—Ä–Ω–∏–π,popular
—Ç—Ä–∞–¥–∏—Ü—ñ–π–Ω–∏–π,traditional
–Ω–∞,on
—Ä–æ–∑–∫—Ä–∏–≤–∞—Ç–∏,disclose
–Ω–∞–ø—Ä—è–º–æ–∫,direction
—Å–ø–æ—Ä—è–¥–∂–µ–Ω–Ω—è,equipment
—Ä–æ–±—ñ—Ç–Ω–∏–∫,worker
–∫—É–ª—å—Ç—É—Ä–Ω–∏–π,cultural
—Å–∫–ª–∞–¥–∞—Ç–∏—Å—è –∑,consist of
–º–∏—Ä,world
–æ—á—ñ,eyes
–∫–æ–Ω—Ç—Ä–æ–ª—å,CONTROL
–±–∞–∑–∞,base
–±—ñ–ª—å,pain
–ø–æ–¥–∞–≤–∞—Ç–∏ –∑–∞—è–≤—É,apply
–≥—Ä–∞,game
–º—ñ—Ä–∞,measure
—à–∏—Ä–æ–∫–æ,wide
—Å—Ç—Ä—É—Å–∏—Ç–∏,to shake
–ª—ñ—Ç–∞—Ç–∏,fly
—ñ–Ω—Ç–µ—Ä–≤'—é,interview
—Å–ø—Ä–∞–≤–ª—è—Ç–∏—Å—è,cope
—Å—Ç—ñ–ª–µ—Ü—å,chair
—Ä–∏–±–∞,fish
–ø–µ–≤–Ω–∏–π,certain
–∫–∞–º–µ—Ä–∞,camera
—Å—Ç—Ä—É–∫—Ç—É—Ä–∞,structure
–ø–æ–ª—ñ—Ç–∏–∫–∞,policy
–≤–∏–∫–æ–Ω–∞—Ç–∏,perform
—à–º–∞—Ç–æ—á–æ–∫,a piece
–≤–∞–≥–∞,weight
—Ä–∞–ø—Ç–æ–≤–æ,raptovo
–¥–æ—Å–ª—ñ–¥–∂–µ–Ω–Ω—è,research
–∫–∞–Ω–¥–∏–¥–∞—Ç,candidate
—Ç–æ–ø,group
–≤–∏—Ä–æ–±–Ω–∏—Ü—Ç–≤–æ,production
–ª—ñ–∫—É–≤–∞—Ç–∏,treat
–ø–æ–¥–æ—Ä–æ–∂,travel
–≤–µ—á—ñ—Ä,evening
–≤–ø–ª–∏–≤–∞—Ç–∏,influence
–≤—Å–µ—Ä–µ–¥–∏–Ω—ñ,within
–∫–æ–Ω—Ñ–µ—Ä–µ–Ω—Ü—ñ—è,conference
—á–∞—Å—Ç–∏–Ω–∞,part
–∫—Ä–∞—â–∏–π,better
—Å—Ç–∏–ª—å,style
–¥–æ—Ä–æ—Å–ª–∏–π,adult
—Ö–≤–∏–ª—é–≤–∞—Ç–∏—Å—è,to worry
—Å–ø–µ–∫—Ç—Ä,spectrum
–∑–≥–∞–¥—É–≤–∞—Ç–∏,remember
—à–≤–∏–¥—à–µ,rather
–¥–∞–ª–µ–∫–∏–π,far
—Å–ø—Ä–∞–≤–∞,right
–º–∏–Ω—É–ª–µ,last time
–∫—Ä–∞–π,end
—ñ–Ω–¥–∏–≤—ñ–¥—É–∞–ª—å–Ω–∏–π,individual
–∫–æ–Ω–∫—Ä–µ–∫—Ç–Ω–∏–π,specific
–ø–∏—Å—å–º–µ–Ω–Ω–∏–∫,writer
–ø—Ä–æ–±–ª–µ–º–∞,problem
–≤–∞–∂–ª–∏–≤–æ,importantly
–ø—Ä–æ—Ç—è–≥–æ–º,for
–≤–∏–ø—Ä–æ–±—É–≤–∞–Ω–Ω—è,trial
—Å—Ç—Ä–∞—Ö,fear
–ø–ª–µ—á–µ,shoulder
—É—Å—Ç–∞–Ω–æ–≤–∞,institution
—Å–µ—Ä–µ–¥–Ω—ñ–π,average
–º–æ—Ä–µ,sea
–º—Ä—ñ—è/—Å–æ–Ω,dream/dream
–∂—É—Ä–Ω–∞–ª,magazine
–±–∞—Ä,there is
–∫—Ä–∞—Å–∏–≤–æ,Beautiful
–º–∞–π–Ω–æ,property
–∑–∞–º—ñ—Å—Ç—å,instead
–ø–æ–∫—Ä–∞—â—É–≤–∞—Ç–∏,to improve
–º–∞—Ç–µ—Ä—ñ–∞–ª,material
–¥–µ—Ç–∞–ª—å,detail
–º–µ—Ç–æ–¥,method